{
  "__version__": "1.3.9",
  "splash-setting": {
    "background": {
      "type": "color",
      "color": {
        "x": 0.32941176470588235,
        "y": 0.7568627450980392,
        "z": 0.8392156862745098,
        "w": 1
      }
    }
  }
}
